"Authors","Author full names","Author(s) ID","Title","Year","Source title","Link"
"Neary M.; Fulton E.; Rogers V.; Wilson J.; Griffiths Z.; Chuttani R.; Sacher P.M.","Neary, Martha (59976450000); Fulton, Emily (59258037800); Rogers, Victoria (59430405300); Wilson, Julia (57210956324); Griffiths, Zoe (60041820300); Chuttani, Ram (6701690901); Sacher, Paul M. (57223394403)","59976450000; 59258037800; 59430405300; 57210956324; 60041820300; 6701690901; 57223394403","Think FAST: a novel framework to evaluate fidelity, accuracy, safety, and tone in conversational AI health coach dialogues","2025","Frontiers in Digital Health","https://www.scopus.com/pages/publications/105009758572?origin=resultslist"
"Remy F.; Demuynck K.; Demeester T.","Remy, François (57931756200); Demuynck, Kris (6602829411); Demeester, Thomas (35415697600)","57931756200; 6602829411; 35415697600","BioLORD-2023: Semantic textual representations fusing large language models and clinical knowledge graph insights","2024","Journal of the American Medical Informatics Association","https://www.scopus.com/pages/publications/85198060632?origin=resultslist"
"Ferber D.; El Nahhas O.S.M.; Wölflein G.; Wiest I.C.; Clusmann J.; Leßmann M.-E.; Foersch S.; Lammert J.; Tschochohei M.; Jäger D.; Salto-Tellez M.; Schultz N.; Truhn D.; Kather J.N.","Ferber, Dyke (57201381975); El Nahhas, Omar S. M. (58172792300); Wölflein, Georg (57224722972); Wiest, Isabella C. (57211234746); Clusmann, Jan (57842816800); Leßmann, Marie-Elisabeth (57243949400); Foersch, Sebastian (35329539600); Lammert, Jacqueline (57195944707); Tschochohei, Maximilian (59006078700); Jäger, Dirk (7005584966); Salto-Tellez, Manuel (7003434917); Schultz, Nikolaus (24766753800); Truhn, Daniel (23010796500); Kather, Jakob Nikolas (55550069300)","57201381975; 58172792300; 57224722972; 57211234746; 57842816800; 57243949400; 35329539600; 57195944707; 59006078700; 7005584966; 7003434917; 24766753800; 23010796500; 55550069300","Development and validation of an autonomous artificial intelligence agent for clinical decision-making in oncology","2025","Nature Cancer","https://www.scopus.com/pages/publications/105007688514?origin=resultslist"
"Campos V.M.S.; Prudente T.P.; Leão L.L.; da Costa M.S.; Oliva H.N.P.; Monteiro-Junior R.S.","Campos, Vítor Marcelo Soares (60050851800); Prudente, Tiago Paiva (57353360800); Leão, Luana Lemos (57204658468); da Costa, Maurício Silva (60050851900); Oliva, Henrique Nunes Pereira (57194329163); Monteiro-Junior, Renato Sobral (56054375100)","60050851800; 57353360800; 57204658468; 60050851900; 57194329163; 56054375100","Analyses of different prescriptions for health using artificial intelligence: a critical approach based on the international guidelines of health institutions","2025","Health Information Science and Systems","https://www.scopus.com/pages/publications/105013460249?origin=resultslist"
"Ong J.C.L.; Jin L.; Elangovan K.; Lim G.Y.S.; Lim D.Y.Z.; Sng G.G.R.; Ke Y.H.; Tung J.Y.M.; Zhong R.J.; Koh C.M.Y.; Lee K.Z.H.; Chen X.; Ch’ng J.K.; Than A.; Goh K.J.; Lim C.P.; Ng T.M.; Liu N.; Ting D.S.W.","Ong, Jasmine Chiat Ling (58259183400); Jin, Liyuan (58540731100); Elangovan, Kabilan (58490403900); Lim, Gilbert Yong San (57188817284); Lim, Daniel Yan Zheng (56255371600); Sng, Gerald Gui Ren (57186655600); Ke, Yu He (57220660733); Tung, Joshua Yi Min (57958910200); Zhong, Ryan Jian (58894016400); Koh, Christopher Ming Yao (58894091700); Lee, Keane Zhi Hao (57965030800); Chen, Xiang (58894171200); Ch’ng, Jack Kian (55337473000); Than, Aung (36764359300); Goh, Ken Junyang (57203786509); Lim, Chuan Poh (57201375247); Ng, Tat Ming (50462219700); Liu, Nan (35795731300); Ting, Daniel Shu Wei (37010354600)","58259183400; 58540731100; 58490403900; 57188817284; 56255371600; 57186655600; 57220660733; 57958910200; 58894016400; 58894091700; 57965030800; 58894171200; 55337473000; 36764359300; 57203786509; 57201375247; 50462219700; 35795731300; 37010354600","Large language model as clinical decision support system augments medication safety in 16 clinical specialties","2025","Cell Reports Medicine","https://www.scopus.com/pages/publications/105019741731?origin=resultslist"
"Sarker A.; Zhang R.; Wang Y.; Xiao Y.; Das S.; Schutte D.; Oniani D.; Xie Q.; Xu H.","Sarker, Abeed (36976315000); Zhang, Rui (57116759100); Wang, Yanshan (56480388200); Xiao, Yunyu (57195235764); Das, Sudeshna (58597903700); Schutte, Dalton (57222138259); Oniani, David (57218927803); Xie, Qianqian (57190030285); Xu, Hua (55493876700)","36976315000; 57116759100; 56480388200; 57195235764; 58597903700; 57222138259; 57218927803; 57190030285; 55493876700","Natural Language Processing for Digital Health in the Era of Large Language Models","2025","Yearbook of Medical Informatics","https://www.scopus.com/pages/publications/105003191360?origin=resultslist"
"Treder M.S.; Lee S.; Tsvetanov K.A.","Treder, Matthias S. (22137023400); Lee, Sojin (59755478800); Tsvetanov, Kamen A. (37018858800)","22137023400; 59755478800; 37018858800","Introduction to Large Language Models (LLMs) for dementia care and research","2024","Frontiers in Dementia","https://www.scopus.com/pages/publications/105003684628?origin=resultslist"
"Bao X.; Zhu X.; Yang D.; Lou H.; Wang R.; Wu Y.; Li W.; Xia Y.; Zeng L.; Pan Y.; Wang X.; Zhang X.; Ling C.; Ling Y.; Zhang Y.; Zhao Q.; Yang M.","Bao, Xueying (59921988300); Zhu, Xingyu (60030522400); Yang, Dongren (59481979500); Lou, Hao (59482284500); Wang, Ruoyun (59934783800); Wu, Yutong (59933874700); Li, Wenhui (59365594900); Xia, Yu (60030079100); Zeng, Li (60029939400); Pan, Yingying (60030668400); Wang, Xiqin (60029939500); Zhang, Xian (60030079200); Ling, Cheng (60030079300); Ling, Youhui (60029648500); Zhang, Yan (56921922400); Zhao, Qi (56430209300); Yang, Mei (57221056237)","59921988300; 60030522400; 59481979500; 59482284500; 59934783800; 59933874700; 59365594900; 60030079100; 60029939400; 60030668400; 60029939500; 60030079200; 60030079300; 60029648500; 56921922400; 56430209300; 57221056237","eCBT-I dialogue system: a comparative evaluation of large language models and adaptation strategies for insomnia treatment","2025","Journal of Translational Medicine","https://www.scopus.com/pages/publications/105012614261?origin=resultslist"
"Liu Y.; Cao X.; Chen T.; Jiang Y.; You J.; Wu M.; Wang X.; Feng M.; Jin Y.; Chen J.","Liu, Yihao (58395350000); Cao, Xu (57703059500); Chen, Tingting (57204020569); Jiang, Yankai (59857390700); You, Junjie (58885457800); Wu, Minghua (55019870400); Wang, Xiaosong (57192075663); Feng, Mengling (12644999000); Jin, Yaochu (57201346599); Chen, Jintai (57211999917)","58395350000; 57703059500; 57204020569; 59857390700; 58885457800; 55019870400; 57192075663; 12644999000; 57201346599; 57211999917","From screens to scenes: A survey of embodied AI in healthcare","2025","Information Fusion","https://www.scopus.com/pages/publications/85218871113?origin=resultslist"
"Manjunath P.; Lerner B.; Dunn T.W.","Manjunath, Pranav (57203331267); Lerner, Brian (57219202080); Dunn, Timothy W. (23988344800)","57203331267; 57219202080; 23988344800","Trust Your Neighbors: Multimodal Patient Retrieval for TBI Prognosis","2025","IEEE Journal of Biomedical and Health Informatics","https://www.scopus.com/pages/publications/105024145965?origin=resultslist"
"DeTemple D.E.; Meine T.C.","DeTemple, Daphne E. (56272838700); Meine, Timo C. (57207794412)","56272838700; 57207794412","Comparison of the readability of ChatGPT and Bard in medical communication: a meta-analysis","2025","BMC Medical Informatics and Decision Making","https://www.scopus.com/pages/publications/105014935164?origin=resultslist"
"Wang Y.; Magrabi F.","Wang, Ying (56757748500); Magrabi, Farah (6602783750)","56757748500; 6602783750","Assessing the transferability of BERT to patient safety: classifying multiple types of incident reports","2025","BMJ Health and Care Informatics","https://www.scopus.com/pages/publications/105013688787?origin=resultslist"
"Zhu S.; Hu W.; Yang Z.; Yan J.; Zhang F.","Zhu, Shiben (58875023600); Hu, Wanqin (57769142900); Yang, Zhi (57201776277); Yan, Jiani (59553896600); Zhang, Fang (58540458600)","58875023600; 57769142900; 57201776277; 59553896600; 58540458600","Qwen-2.5 Outperforms Other Large Language Models in the Chinese National Nursing Licensing Examination: Retrospective Cross-Sectional Comparative Study","2025","JMIR Medical Informatics","https://www.scopus.com/pages/publications/85217657105?origin=resultslist"
"Alqahtani M.Q.; Albarakati A.; Alotaibi F.","Alqahtani, Muneerah Q. (60131586100); Albarakati, Abdullah (34881548300); Alotaibi, Fahd (57055832400)","60131586100; 34881548300; 57055832400","Refining medical large language models: key insights from instruction tuning","2025","PeerJ Computer Science","https://www.scopus.com/pages/publications/105018056371?origin=resultslist"
"Jin Y.; Liu J.; Li P.; Wang B.; Yan Y.; Zhang H.; Ni C.; Wang J.; Li Y.; Bu Y.; Wang Y.","Jin, Yu (57213001120); Liu, Jiayi (59586726300); Li, Pan (59590055500); Wang, Baosen (59781251800); Yan, Yangxinyu (59781135500); Zhang, Huilin (59781025000); Ni, Chenhao (59781025100); Wang, Jing (56118496400); Li, Yi (59781485300); Bu, Yajun (59234359700); Wang, Yuanyuan (57189898074)","57213001120; 59586726300; 59590055500; 59781251800; 59781135500; 59781025000; 59781025100; 56118496400; 59781485300; 59234359700; 57189898074","The Applications of Large Language Models in Mental Health: Scoping Review","2025","Journal of Medical Internet Research","https://www.scopus.com/pages/publications/105004458487?origin=resultslist"
"Wong E.Y.T.; Verlingue L.; Aldea M.; Franzoi M.A.; Umeton R.; Halabi S.; Harbeck N.; Indini A.; Prelaj A.; Romano E.; Smyth E.; Tan I.B.; Valachis A.; Vibert J.; Wiest I.C.; Yang Y.H.; Gilbert S.; Kapetanakis G.; Pentheroudakis G.; Koopman M.; Kather J.N.","Wong, E.Y.T. (57191994613); Verlingue, L. (56380544100); Aldea, M. (45061052700); Franzoi, M.A. (57201587797); Umeton, R. (36452440200); Halabi, S. (7004713650); Harbeck, N. (34570179900); Indini, A. (55589419600); Prelaj, A. (56087693700); Romano, E. (36193315200); Smyth, E. (36103192800); Tan, I.B. (26538061400); Valachis, A. (16235297200); Vibert, J. (57314204400); Wiest, I.C. (57211234746); Yang, Y.H. (60227152500); Gilbert, S. (16833743700); Kapetanakis, G. (60169627500); Pentheroudakis, G. (56230606500); Koopman, M. (24587826200); Kather, J.N. (55550069300)","57191994613; 56380544100; 45061052700; 57201587797; 36452440200; 7004713650; 34570179900; 55589419600; 56087693700; 36193315200; 36103192800; 26538061400; 16235297200; 57314204400; 57211234746; 60227152500; 16833743700; 60169627500; 56230606500; 24587826200; 55550069300","ESMO guidance on the use of Large Language Models in Clinical Practice (ELCAP)","2025","Annals of Oncology","https://www.scopus.com/pages/publications/105024015290?origin=resultslist"
"Sanchez-Ruiz J.A.; Solares-Bravo M.; Jenkins G.D.; Nuñez N.A.; Leibman N.I.; Ahmed A.T.; Bielinski S.J.; Weinshilboum R.M.; Wang L.; Frye M.A.; Biernacka J.M.; Ozerdem A.","Sanchez-Ruiz, Jorge A. (57194901834); Solares-Bravo, Melissa (58898513500); Jenkins, Gregory D. (7201484985); Nuñez, Nicolas A. (57211446391); Leibman, Nicole I. (57224954864); Ahmed, Ahmed T. (60274895900); Bielinski, Suzette J. (12142128900); Weinshilboum, Richard M. (7102831484); Wang, Liewei (7409176720); Frye, Mark A. (59692578600); Biernacka, Joanna M. (35765310000); Ozerdem, Aysegul (6602570797)","57194901834; 58898513500; 7201484985; 57211446391; 57224954864; 60274895900; 12142128900; 7102831484; 7409176720; 59692578600; 35765310000; 6602570797","Antidepressant Non-refill as a Proxy Measure for Medication Acceptability in Electronic Health Records","2025","Journal of Clinical Psychopharmacology","https://www.scopus.com/pages/publications/105003229419?origin=resultslist"
"Sun S.; Zhong Z.; Yu N.; Gong X.; Yang K.","Sun, Song (59633052100); Zhong, Zhijie (58309617600); Yu, Nanlan (56675272900); Gong, Xinrong (57216702743); Yang, Kaixiang (57203589539)","59633052100; 58309617600; 56675272900; 57216702743; 57203589539","HumanMoD: A multi-RAG collaborative LLM for inclusive urban public healthcare services","2025","Applied Soft Computing","https://www.scopus.com/pages/publications/105013085747?origin=resultslist"
"Jeon S.; Lee S.; Kim E.H.; Eun J.; Lee K.; Lim H.; Lee J.","Jeon, Soyun (60184030800); Lee, Seolhee (59657016900); Kim, Esther Hehsun (57478013800); Eun, Jinsu (57055172000); Lee, Kwangwon (59909639100); Lim, Hajin (57217654903); Lee, Joonhwan (56160537300)","60184030800; 59657016900; 57478013800; 57055172000; 59909639100; 57217654903; 56160537300","Generative AI Chatbot for Diabetes Management: Formative 2-Part Qualitative Study Using DTalksBot Involving Patients and Clinicians","2025","JMIR Formative Research","https://www.scopus.com/pages/publications/105021307290?origin=resultslist"
"Clusmann J.; Balaguer-Montero M.; Bassegoda O.; Schneider C.V.; Seraphin T.; Paintsil E.; Luedde T.; Lopez R.P.; Calderaro J.; Gilbert S.; Marjot T.; Spann A.; Shawcross D.L.; Lens S.; Trépo E.; Kather J.N.","Clusmann, Jan (57842816800); Balaguer-Montero, Maria (59226822100); Bassegoda, Octavi (57205078711); Schneider, Carolin V. (57210444730); Seraphin, Tobias (57215716397); Paintsil, Ellis (57218591063); Luedde, Tom (6602908527); Lopez, Raquel Perez (60199185500); Calderaro, Julien (35111020000); Gilbert, Stephen (16833743700); Marjot, Thomas (37091122200); Spann, Ashley (57205176412); Shawcross, Debbie L. (6603656382); Lens, Sabela (36163341600); Trépo, Eric (25422659700); Kather, Jakob Nikolas (55550069300)","57842816800; 59226822100; 57205078711; 57210444730; 57215716397; 57218591063; 6602908527; 60199185500; 35111020000; 16833743700; 37091122200; 57205176412; 6603656382; 36163341600; 25422659700; 55550069300","The barriers to uptake of artificial intelligence in hepatology and how to overcome them","2025","Journal of Hepatology","https://www.scopus.com/pages/publications/105022100216?origin=resultslist"
"Cook D.; Peters D.; Moradbakhti L.; Su T.; Da Re M.; Schuller B.W.; Quint J.; Wong E.; Calvo R.A.","Cook, Darren (57343289700); Peters, Dorian (55317597000); Moradbakhti, Laura (57782554900); Su, Ting (57201364328); Da Re, Marco (59175976100); Schuller, Bjorn W. (6603767415); Quint, Jennifer (16507541000); Wong, Ernie (56201553500); Calvo, Rafael A. (8957803600)","57343289700; 55317597000; 57782554900; 57201364328; 59175976100; 6603767415; 16507541000; 56201553500; 8957803600","A text-based conversational agent for asthma support: Mixed-methods feasibility study","2024","Digital Health","https://www.scopus.com/pages/publications/85196158028?origin=resultslist"
"Wang F.; Zhang Z.; Zhang X.; Wu Z.; Mo T.; Lu Q.; Wang W.; Li R.; Xu J.; Tang X.; He Q.; Ma Y.; Huang M.; Wang S.","Wang, Fali (59060219800); Zhang, Zhiwei (58930383700); Zhang, Xianren (57678940700); Wu, Zongyu (58992865000); Mo, TzuHao (59451383800); Lu, Qiuhao (57211255287); Wang, Wanjing (59451639600); Li, Rui (59233625800); Xu, Junjie (57652346200); Tang, Xianfeng (57202640721); He, Qi (35317186300); Ma, Yao (59124316900); Huang, Ming (58027236000); Wang, Suhang (57001918800)","59060219800; 58930383700; 57678940700; 58992865000; 59451383800; 57211255287; 59451639600; 59233625800; 57652346200; 57202640721; 35317186300; 59124316900; 58027236000; 57001918800","A Comprehensive Survey of Small Language Models in the Era of Large Language Models: Techniques, Enhancements, Applications, Collaboration with LLMs, and Trustworthiness","2025","ACM Transactions on Intelligent Systems and Technology","https://www.scopus.com/pages/publications/105025413604?origin=resultslist"
"Li Y.; Chang Y.; Li Y.","Li, Yi (57872721300); Chang, Yaping (59157732300); Li, You (57872594900)","57872721300; 59157732300; 57872594900","1 + 1<2? Unveiling the impact of AI-assisted disclosure on service satisfaction in professional services","2025","International Journal of Information Management","https://www.scopus.com/pages/publications/105007863339?origin=resultslist"
"Hao J.; Chen Z.; Peng Q.; Zhao L.; Zhao W.; Cong S.; Li J.; Li J.; Qian Q.; Sun H.","Hao, Jie (59324538800); Chen, Zhenli (59339217200); Peng, Qinglong (58900660200); Zhao, Liang (57214293536); Zhao, Wanqing (57226360554); Cong, Shan (59282408700); Li, Junlian (57200259011); Li, Jiao (57397332800); Qian, Qing (55508965100); Sun, Haixia (57200255663)","59324538800; 59339217200; 58900660200; 57214293536; 57226360554; 59282408700; 57200259011; 57397332800; 55508965100; 57200255663","Prompt Framework for Extracting Scale-Related Knowledge Entities from Chinese Medical Literature: Development and Evaluation Study","2025","Journal of Medical Internet Research","https://www.scopus.com/pages/publications/105000408998?origin=resultslist"
"Adikari A.; Alahakoon D.; Pallewela N.; Pierce J.E.; Hernandez N.J.; Rose M.L.","Adikari, Achini (57200703350); Alahakoon, Damminda (6602546111); Pallewela, Nuwan (59233802200); Pierce, John E. (57209304655); Hernandez, Nelson J. (58247589400); Rose, Miranda L. (7402594890)","57200703350; 6602546111; 59233802200; 57209304655; 58247589400; 7402594890","Reconstructing impaired language using generative AI for people with aphasia","2025","Scientific Reports","https://www.scopus.com/pages/publications/105022230218?origin=resultslist"
"Li Q.; Liu H.; Guo C.; Gao C.; Chen D.; Wang M.; Gao F.; van Harmelen F.; Gu J.","Li, Qiyuan (57291444100); Liu, Haijiang (59557070800); Guo, Caicai (59708127700); Gao, Chao (59557070700); Chen, Deyu (58181128000); Wang, Meng (58987322000); Gao, Feng (50061267800); van Harmelen, Frank (7004322609); Gu, Jinguang (8311080000)","57291444100; 59557070800; 59708127700; 59557070700; 58181128000; 58987322000; 50061267800; 7004322609; 8311080000","Reviewing clinical knowledge in medical large language models: Training and beyond","2025","Knowledge-Based Systems","https://www.scopus.com/pages/publications/105012931210?origin=resultslist"
"Bernstein A.M.; Janeke P.; Riggs R.V.; Burke E.; Meyer J.; Moyer M.F.; Murofushi K.; Botha R.A.; El Michael Meyer J.","Bernstein, Adam M. (60196900900); Janeke, Pierre (60196816900); Riggs, Richard V. (7006423641); Burke, Emily (60196736100); Meyer, Jemima (60196568700); Moyer, Meagan F. (57205403425); Murofushi, Keiy (60197061400); Botha, Raymond A. (60197061500); El Michael Meyer, Josiah (60196980000)","60196900900; 60196816900; 7006423641; 60196736100; 60196568700; 57205403425; 60197061400; 60197061500; 60196980000","Artificial Intelligence-Based Hospital Malnutrition Screening: Validation of a Novel Machine Learning Model","2025","Applied Clinical Informatics","https://www.scopus.com/pages/publications/105021997006?origin=resultslist"
"Yang J.; Wang M.; Du X.; Na R.","Yang, Juan (37105332000); Wang, Minjuan (8941545200); Du, Xu (8513751300); Na, Rina (60129426100)","37105332000; 8941545200; 8513751300; 60129426100","A Comprehensive Survey on Large-Language-Model-Based Agents for Education","2025","IEEE Transactions on Learning Technologies","https://www.scopus.com/pages/publications/105018025985?origin=resultslist"
"Lawrence H.R.; Schneider R.A.; Rubin S.B.; Mataric M.J.; McDuff D.J.; Bell M.J.","Lawrence, Hannah R. (56526390400); Schneider, Renee A. (57218685349); Rubin, Susan B. (58970940200); Mataric, Maja J. (7005611984); McDuff, Daniel J. (36106217600); Bell, Megan Jones (58970622000)","56526390400; 57218685349; 58970940200; 7005611984; 36106217600; 58970622000","The Opportunities and Risks of Large Language Models in Mental Health","2024","JMIR Mental Health","https://www.scopus.com/pages/publications/85201771814?origin=resultslist"
"Artsi Y.; Sorin V.; Glicksberg B.S.; Korfiatis P.; Freeman R.; Nadkarni G.N.; Klang E.","Artsi, Yaara (58882846600); Sorin, Vera (57202775621); Glicksberg, Benjamin S. (55845627200); Korfiatis, Panagiotis (23397073600); Freeman, Robert (57215489886); Nadkarni, Girish N. (36237038500); Klang, Eyal (56080228800)","58882846600; 57202775621; 55845627200; 23397073600; 57215489886; 36237038500; 56080228800","Challenges of Implementing LLMs in Clinical Practice: Perspectives","2025","Journal of Clinical Medicine","https://www.scopus.com/pages/publications/105016012300?origin=resultslist"
"Liu C.; Wang W.Y.C.; Khan G.","Liu, Chen (57326110800); Wang, William Yu Chung (56962753000); Khan, Gohar (58183044500)","57326110800; 56962753000; 58183044500","Understanding medical information and emotional support needs in mental health questions with large language models","2025","Industrial Management and Data Systems","https://www.scopus.com/pages/publications/105025151085?origin=resultslist"
"Amugongo L.M.; Mascheroni P.; Brooks S.; Doering S.; Seidel J.","Amugongo, Lameck Mbangula (57189636563); Mascheroni, Pietro (57041197100); Brooks, Steven (59942720600); Doering, Stefan (59942720700); Seidel, Jan (57957191600)","57189636563; 57041197100; 59942720600; 59942720700; 57957191600","Retrieval augmented generation for large language models in healthcare: A systematic review","2025","PLOS Digital Health","https://www.scopus.com/pages/publications/105008040127?origin=resultslist"
"Choo S.; Yoo S.; Endo K.; Truong B.; Son M.H.","Choo, Seungheon (59674704300); Yoo, Suyoung (57217245101); Endo, Kumiko (57201033825); Truong, Bao (59674320000); Son, Meong Hi (54586032400)","59674704300; 57217245101; 57201033825; 59674320000; 54586032400","Advancing Clinical Chatbot Validation Using AI-Powered Evaluation With a New 3-Bot Evaluation System: Instrument Validation Study","2025","JMIR Nursing","https://www.scopus.com/pages/publications/86000289622?origin=resultslist"
"Perez-Toro P.A.; Dineley J.; Iniesta R.; Zhang Y.; Matcham F.; Siddi S.; Lamers F.; Haro J.M.; Penninx B.W.J.H.; Folarin A.A.; Arias-Vergara T.; Orozco-Arroyave J.R.; Nöth E.; Maier A.; Wykes T.; Vairavan S.; Dobson R.; Narayan V.A.; Hotopf M.; Cummins N.","Perez-Toro, Paula Andrea (57203997767); Dineley, Judith (57210124803); Iniesta, Raquel (12446011400); Zhang, Yuezhou (57206486845); Matcham, Faith (55930190900); Siddi, Sara (15080811600); Lamers, Femke (36497157200); Haro, Josep Maria (57215877903); Penninx, Brenda W. J. H. (55800249300); Folarin, Amos A. (35766461900); Arias-Vergara, Tomas (57140705800); Orozco-Arroyave, Juan Rafael (37861957400); Nöth, Elmar (35243306300); Maier, Andreas (23392966100); Wykes, Til (7005058916); Vairavan, Srinivasan (57202390778); Dobson, Richard (8931612400); Narayan, Vaibhav A. (7004402773); Hotopf, Matthew (7006045579); Cummins, Nicholas (55350497300)","57203997767; 57210124803; 12446011400; 57206486845; 55930190900; 15080811600; 36497157200; 57215877903; 55800249300; 35766461900; 57140705800; 37861957400; 35243306300; 23392966100; 7005058916; 57202390778; 8931612400; 7004402773; 7006045579; 55350497300","Exploring biases related to the use of large language models in a multilingual depression corpus","2025","Scientific Reports","https://www.scopus.com/pages/publications/105018986347?origin=resultslist"
"Huang Y.; Wang W.; Zhou J.; Zhang L.; Lin J.; Liu H.; Hu X.; Zhou Z.; Dong W.","Huang, Yinghui (57209104668); Wang, Weijun (35767043800); Zhou, Jinyi (59723039700); Zhang, Liang (57226655851); Lin, Jionghao (57211753281); Liu, Hui (59060923500); Hu, Xiangen (7404710283); Zhou, Zongkui (35294601700); Dong, Wanghao (57336541400)","57209104668; 35767043800; 59723039700; 57226655851; 57211753281; 59060923500; 7404710283; 35294601700; 57336541400","Integrative modeling enables ChatGPT to achieve average level of human counselors performance in mental health Q&A","2025","Information Processing and Management","https://www.scopus.com/pages/publications/105001798919?origin=resultslist"
"Kresevic S.; Giuffrè M.; Ajcevic M.; Accardo A.; Crocè L.S.; Shung D.L.","Kresevic, Simone (58189580900); Giuffrè, Mauro (57210704630); Ajcevic, Milos (55647508100); Accardo, Agostino (6603688769); Crocè, Lory S. (7004111132); Shung, Dennis L. (56447050200)","58189580900; 57210704630; 55647508100; 6603688769; 7004111132; 56447050200","Optimization of hepatological clinical guidelines interpretation by large language models: a retrieval augmented generation-based framework","2024","npj Digital Medicine","https://www.scopus.com/pages/publications/85191075594?origin=resultslist"
"Lai G.H.; Chai D.X.L.; Lim T.M.","Lai, Guan Hong (60178097300); Chai, Darren Xin Lun (60177398300); Lim, Tong Ming (59402485700)","60178097300; 60177398300; 59402485700","Building a Large Language Model for the Human Resource Services in Malaysia","2025","Journal of Artificial Intelligence and Technology","https://www.scopus.com/pages/publications/105021212341?origin=resultslist"
"Biró A.; Iantovics L.B.; Fekete L.; Fekete G.L.","Biró, Attila (57220745742); Iantovics, László Barna (24478281800); Fekete, László (56638061300); Fekete, Gyula László (56935946200)","57220745742; 24478281800; 56638061300; 56935946200","Prototype of a multimodal AI system for vitiligo detection and mental health monitoring","2025","Frontiers in Medicine","https://www.scopus.com/pages/publications/105022728897?origin=resultslist"
"Wang D.; Zhang S.","Wang, Dandan (57201660408); Zhang, Shiqing (57504758400)","57201660408; 57504758400","Large language models in medical and healthcare fields: applications, advances, and challenges","2024","Artificial Intelligence Review","https://www.scopus.com/pages/publications/85204776133?origin=resultslist"
"Thomas J.; Elyoseph Z.; Kuchinke L.; Meinlschmidt G.","Thomas, Julia (57449973800); Elyoseph, Zohar (57213164543); Kuchinke, Lars (9635159800); Meinlschmidt, Gunther (6603133801)","57449973800; 57213164543; 9635159800; 6603133801","Large language model performance versus human expert ratings in automated suicide risk assessment","2025","Scientific Reports","https://www.scopus.com/pages/publications/105021350598?origin=resultslist"
"Sarvari P.; Al-Fagih Z.; Abou-Chedid A.; Jewell P.; Taylor R.; Imtiaz A.","Sarvari, Peter (59659675400); Al-Fagih, Zaid (57221142598); Abou-Chedid, Alexander (60218519300); Jewell, Paul (60218590100); Taylor, Rosie (59593126200); Imtiaz, Arouba (57579355000)","59659675400; 57221142598; 60218519300; 60218590100; 59593126200; 57579355000","Challenges and Solutions in Applying Large Language Models to Guideline-Based Management Planning and Automated Medical Coding in Health Care: Algorithm Development and Validation","2025","JMIR Biomedical Engineering","https://www.scopus.com/pages/publications/105023372809?origin=resultslist"
"Wan P.; Huang Z.; Tang W.; Nie Y.; Pei D.; Deng S.; Chen J.; Zhou Y.; Duan H.; Chen Q.; Long E.","Wan, Peixing (57362709400); Huang, Zigeng (59220391800); Tang, Wenjun (59220283700); Nie, Yulan (59219944000); Pei, Dajun (59219944100); Deng, Shaofen (59220167200); Chen, Jing (59220391900); Zhou, Yizhi (59220167300); Duan, Hongru (59220051300); Chen, Qingyu (57169104000); Long, Erping (57216303115)","57362709400; 59220391800; 59220283700; 59219944000; 59219944100; 59220167200; 59220391900; 59220167300; 59220051300; 57169104000; 57216303115","Outpatient reception via collaboration between nurses and a large language model: a randomized controlled trial","2024","Nature Medicine","https://www.scopus.com/pages/publications/85198641184?origin=resultslist"
"Fu B.; Hadid A.; Damer N.","Fu, Biying (56963339900); Hadid, Abdenour (55925650500); Damer, Naser (50861109400)","56963339900; 55925650500; 50861109400","Generative AI in the context of assistive technologies: Trends, limitations and future directions","2025","Image and Vision Computing","https://www.scopus.com/pages/publications/85211061272?origin=resultslist"
"Kharitonova K.; Pérez-Fernández D.; Gutiérrez-Hernando J.; Gutiérrez-Fandiño A.; Callejas Z.; Griol D.","Kharitonova, Ksenia (57221904366); Pérez-Fernández, David (57224983441); Gutiérrez-Hernando, Javier (58922489200); Gutiérrez-Fandiño, Asier (57221713729); Callejas, Zoraida (55991672400); Griol, David (15765332600)","57221904366; 57224983441; 58922489200; 57221713729; 55991672400; 15765332600","Incorporating evidence into mental health Q&A: a novel method to use generative language models for validated clinical content extraction","2025","Behaviour and Information Technology","https://www.scopus.com/pages/publications/85186908711?origin=resultslist"
"Chen Z.Z.; Ma J.; Zhang X.; Hao N.; Yan A.; Nourbakhsh A.; Yang X.; McAuley J.; Petzold L.; Wang W.Y.","Chen, Zhiyu Zoey (59144636600); Ma, Jing (57217247075); Zhang, Xinlu (57222956421); Hao, Nan (58817305500); Yan, An (57211944439); Nourbakhsh, Armineh (57119386700); Yang, Xianjun (57467893700); McAuley, Julian (14822353500); Petzold, Linda (7005581592); Wang, William Yang (57233559700)","59144636600; 57217247075; 57222956421; 58817305500; 57211944439; 57119386700; 57467893700; 14822353500; 7005581592; 57233559700","A Survey on Large Language Models for Critical Societal Domains: Finance, Healthcare, and Law","2024","Transactions on Machine Learning Research","https://www.scopus.com/pages/publications/86000342897?origin=resultslist"
"Park C.; Lee H.; Lee S.; Jeong O.","Park, Chaelim (59301414300); Lee, Hayoung (58073838800); Lee, Seonghee (51564112600); Jeong, Okran (6604013896)","59301414300; 58073838800; 51564112600; 6604013896","Synergistic Joint Model of Knowledge Graph and LLM for Enhancing XAI-Based Clinical Decision Support Systems","2025","Mathematics","https://www.scopus.com/pages/publications/105000941631?origin=resultslist"
"Xu L.; Xie H.; Tao X.; Qin S.J.; Wang F.L.; Gururajan R.; Elangovan S.; Shen Y.","Xu, Lingling (57460434700); Xie, Haoran (57219619828); Tao, Xiaohui (22837029600); Qin, S. Joe (7202726930); Wang, Fu Lee (7501312845); Gururajan, Raj (12809340100); Elangovan, Soman (57388419000); Shen, Yanmei (57194229802)","57460434700; 57219619828; 22837029600; 7202726930; 7501312845; 12809340100; 57388419000; 57194229802","Personalized rTMS treatment recommendation with retrieval-augmented LLM reasoning","2025","Brain Informatics","https://www.scopus.com/pages/publications/105021087588?origin=resultslist"
"Feng T.; Jin C.; Liu J.; Zhu K.; Tu H.; Cheng Z.; Lin G.; You J.","Feng, Tao (59167067100); Jin, Chuanyang (58481097600); Liu, Jingyu (58146588900); Zhu, Kunlun (58257944900); Tu, Haoqin (57324833500); Cheng, Zirui (59167067300); Lin, Guanyu (57232484100); You, Jiaxuan (57195955464)","59167067100; 58481097600; 58146588900; 58257944900; 57324833500; 59167067300; 57232484100; 57195955464","How Far Are We From AGI: Are LLMs All We Need?","2024","Transactions on Machine Learning Research","https://www.scopus.com/pages/publications/105000126346?origin=resultslist"
"Murali L.; Gopakumar G.; Viswanathan D.M.; Raman R.; Nedungadi P.","Murali, Lino (58297380600); Gopakumar, G. (57210650226); Viswanathan, Daleesha M. (56715864600); Raman, Raghu (36618183700); Nedungadi, Prema (36069838600)","58297380600; 57210650226; 56715864600; 36618183700; 36069838600","Integrating LLMs and Knowledge Graphs for Medical AI: Advances, Challenges, and Future Directions","2025","IEEE Journal of Biomedical and Health Informatics","https://www.scopus.com/pages/publications/105019627730?origin=resultslist"
"Abdelgadir Y.; Thongprayoon C.; Miao J.; Suppadungsuk S.; Pham J.H.; Mao M.A.; Craici I.M.; Cheungpasitporn W.","Abdelgadir, Yasir (57781959300); Thongprayoon, Charat (55512490600); Miao, Jing (57221522072); Suppadungsuk, Supawadee (56027786100); Pham, Justin H. (58245302000); Mao, Michael A. (56428567800); Craici, Iasmina M. (8730515900); Cheungpasitporn, Wisit (47160959700)","57781959300; 55512490600; 57221522072; 56027786100; 58245302000; 56428567800; 8730515900; 47160959700","AI integration in nephrology: evaluating ChatGPT for accurate ICD-10 documentation and coding","2024","Frontiers in Artificial Intelligence","https://www.scopus.com/pages/publications/85204040702?origin=resultslist"
"Cremaschi M.; Ditolve D.; Curcio C.; Panzeri A.; Spoto A.; Maurino A.","Cremaschi, Marco (56167172000); Ditolve, Davide (59722998400); Curcio, Cesare (59722392300); Panzeri, Anna (57208593406); Spoto, Andrea (23398508300); Maurino, Andrea (22433645700)","56167172000; 59722998400; 59722392300; 57208593406; 23398508300; 22433645700","Decoding the mind: A RAG-LLM on ICD-11 for decision support in psychology","2025","Expert Systems with Applications","https://www.scopus.com/pages/publications/105001855362?origin=resultslist"
"Jia Z.; Li J.; Kang Y.; Wang Y.; Wu T.; Wang Q.; Wang X.; Zhang S.; Shen J.; Li Q.; Qi S.; Liang Y.; He D.; Zheng Z.; Zhu S.-C.","Jia, Zixia (60342967700); Li, Jiaqi (59566850700); Kang, Yipeng (57219740649); Wang, Yuxuan (57767147800); Wu, Tong (59701759200); Wang, Quansen (59517189800); Wang, Xiaobo (59927401000); Zhang, Shuyi (55713797200); Shen, Junzhe (60343094500); Li, Qing (60342601700); Qi, Siyuan (60023177600); Liang, Yitao (57196030294); He, Di (60342601800); Zheng, Zilong (60342725700); Zhu, Song-Chun (22236080700)","60342967700; 59566850700; 57219740649; 57767147800; 59701759200; 59517189800; 59927401000; 55713797200; 60343094500; 60342601700; 60023177600; 57196030294; 60342601800; 60342725700; 22236080700","The AI Hippocampus: How Far are We From Human Memory?","2025","Transactions on Machine Learning Research","https://www.scopus.com/pages/publications/105029351845?origin=resultslist"
"Franklin G.; Stephens R.; Piracha M.; Tiosano S.; Lehouillier F.; Koppel R.; Elkin P.L.","Franklin, Gillian (57222631008); Stephens, Rachel (59197771700); Piracha, Muhammad (59198015200); Tiosano, Shmuel (57140688400); Lehouillier, Frank (57361357200); Koppel, Ross (9279794500); Elkin, Peter L. (7005495988)","57222631008; 59197771700; 59198015200; 57140688400; 57361357200; 9279794500; 7005495988","The Sociodemographic Biases in Machine Learning Algorithms: A Biomedical Informatics Perspective","2024","Life","https://www.scopus.com/pages/publications/85197252425?origin=resultslist"
"Balli M.; Doğan A.E.; Eser H.Y.","Balli, Muhammed (59484702400); Doğan, Aslı ERCAN (57799583100); Eser, Hale YAPICI (55572797900)","59484702400; 57799583100; 55572797900","Improving Psychiatry Services with Artificial Intelligence: Opportunities and Challenges; [Psikiyatri Hizmetlerinin Yapay Zekâ ile Geliştirilmesi: Fırsatlar ve Zorluklar]","2024","Turk Psikiyatri Dergisi","https://www.scopus.com/pages/publications/85213388399?origin=resultslist"
"Song J.; Xu Z.; He M.; Feng J.; Shen B.","Song, Jie (59419498200); Xu, Zhichuan (15125331100); He, Mengqiao (58203354200); Feng, Jinhua (57190674196); Shen, Bairong (7401580760)","59419498200; 15125331100; 58203354200; 57190674196; 7401580760","Graph retrieval augmented large language models for facial phenotype associated rare genetic disease","2025","npj Digital Medicine","https://www.scopus.com/pages/publications/105013963872?origin=resultslist"
"Patil R.; Abbidi M.; Fannon S.","Patil, Rajvardhan (54684785100); Abbidi, Manideep (60093207200); Fannon, Sherri (57224059754)","54684785100; 60093207200; 57224059754","RAGMed: A RAG-Based Medical AI Assistant for Improving Healthcare Delivery","2025","AI (Switzerland)","https://www.scopus.com/pages/publications/105019946518?origin=resultslist"
"Lee S.; Lee H.-H.; Lee H.; Yum K.S.; Baek J.-H.; Khil J.; Lee J.; Shin S.; Cho M.; Ahn N.Y.; You S.C.; Kim H.C.","Lee, Sumin (57225122904); Lee, Hyeok-Hee (57217163404); Lee, Hokyou (57221571676); Yum, Kyu Sun (59936433000); Baek, Jang-Hyun (56066538700); Khil, Jaewon (57557331000); Lee, Jaeyong (59696307900); Shin, Sojung (58876409300); Cho, Minsung (58876787200); Ahn, Na Yeon (59696955100); You, Seng Chan (57200255244); Kim, Hyeon Chang (60138491200)","57225122904; 57217163404; 57221571676; 59936433000; 56066538700; 57557331000; 59696307900; 58876409300; 58876787200; 59696955100; 57200255244; 60138491200","Confidence-linked and uncertainty-based staged framework for phenotype validation using large language models","2025","Journal of the American Medical Informatics Association","https://www.scopus.com/pages/publications/105011210392?origin=resultslist"
"Lan K.; Sun T.; Ming C.; Yao B.; Ding Y.; Yan Y.; Li Y.; Luo C.; Chen L.; Chen J.; Wu M.","Lan, Kunyao (57944644000); Sun, Tianyi (60164406700); Ming, Cong (59000579600); Yao, Binwei (58314743400); Ding, Yanli (59554661700); Yan, Yiming (58199771700); Li, Yan (60164604000); Luo, Chao (60164356800); Chen, Lu (56599451200); Chen, Jianhua (55584759900); Wu, Mengyue (57190753127)","57944644000; 60164406700; 59000579600; 58314743400; 59554661700; 58199771700; 60164604000; 60164356800; 56599451200; 55584759900; 57190753127","Towards reliable and empathetic depression-diagnosis-oriented chats","2025","Science China Technological Sciences","https://www.scopus.com/pages/publications/105020376876?origin=resultslist"
"Garcia-Carmona A.M.; Prieto M.-L.; Puertas E.; Beunza J.-J.","Garcia-Carmona, Angel Manuel (59999113000); Prieto, Maria-Lorena (55682535800); Puertas, Enrique (22433431200); Beunza, Juan-Jose (8866000700)","59999113000; 55682535800; 22433431200; 8866000700","Leveraging Large Language Models for Accurate Retrieval of Patient Information From Medical Reports: Systematic Evaluation Study","2025","JMIR AI","https://www.scopus.com/pages/publications/105010753841?origin=resultslist"
"Xie Z.; Korrapolu N.K.; Dubey A.; Song L.; Xu C.; Wilson K.M.; Cupertino A.; Li D.","Xie, Zidian (57217161643); Korrapolu, Nanda Kishore (60205353900); Dubey, Amisha (60205275400); Song, Luchuan (57212479924); Xu, Chenliang (56164381100); Wilson, Karen M. (35587826400); Cupertino, AnaPaula (6504250264); Li, Dongmei (55704058100)","57217161643; 60205353900; 60205275400; 57212479924; 56164381100; 35587826400; 6504250264; 55704058100","Leveraging Large Language Models to Identify Engagement-Driving Features in Vaping-Related TikTok Videos: Cross-Sectional Study","2025","Journal of Medical Internet Research","https://www.scopus.com/pages/publications/105022521608?origin=resultslist"
"Li C.; Zhao Y.; Bai Y.; Zhao B.; Tola Y.O.; Chan C.W.H.; Zhang M.; Fu X.","Li, Caixia (55387535700); Zhao, Yina (59470312300); Bai, Yang (59655560500); Zhao, Baoquan (56241289100); Tola, Yetunde Oluwafunmilayo (57223155268); Chan, Carmen W.H. (25959492800); Zhang, Meifen (55981559300); Fu, Xia (56066384800)","55387535700; 59470312300; 59655560500; 56241289100; 57223155268; 25959492800; 55981559300; 56066384800","Unveiling the Potential of Large Language Models in Transforming Chronic Disease Management: Mixed Methods Systematic Review","2025","Journal of Medical Internet Research","https://www.scopus.com/pages/publications/105003077048?origin=resultslist"
"Cazares M.; Miño-Ayala J.; Ortiz I.; Andrade R.","Cazares, María (57218240382); Miño-Ayala, Jorge (60033384400); Ortiz, Iván (57205737880); Andrade, Roberto (57211402331)","57218240382; 60033384400; 57205737880; 57211402331","Designing Trustworthy AI Systems for PTSD Follow-Up","2025","Technologies","https://www.scopus.com/pages/publications/105014328910?origin=resultslist"
"Caffaro F.; Rizzo G.","Caffaro, Fabio (59227590300); Rizzo, Giuseppe (57194127652)","59227590300; 57194127652","Knowledge-Enhanced Conversational Agents","2024","Journal of Computer Science and Technology","https://www.scopus.com/pages/publications/85199135455?origin=resultslist"
"Xiong L.; Zeng Q.; Luo W.; Liu R.","Xiong, Liping (58758319300); Zeng, Qiqiao (57214685465); Luo, Weixiang (57221750049); Liu, Ronghui (58758032400)","58758319300; 57214685465; 57221750049; 58758032400","Nursing Retrieval-Augmented Generation: Retrieval augmented generation for nursing question answering with large language models","2025","International Journal of Nursing Sciences","https://www.scopus.com/pages/publications/105023478491?origin=resultslist"
"Li J.; Gao Y.; Yang Y.; Bai Y.; Zhou X.; Li Y.; Sun H.; Liu Y.; Si X.; Ye Y.; Wu Y.; Lin Y.; Xu B.; Ren B.; Feng C.; Huang H.","Li, Jiawei (57551515900); Gao, Yang (57203915177); Yang, Yizhe (57549570000); Bai, Yu (57212062655); Zhou, Xiaofeng (58999091200); Li, Yinghao (58653686400); Sun, Huashan (58678738400); Liu, Yuhang (60398191300); Si, Xingpeng (59336188800); Ye, Yuhao (59335356700); Wu, Yixiao (58728377500); Lin, Yiguan (59336025700); Xu, Bin (59335527100); Ren, Bowen (59335199500); Feng, Chong (35182844100); Huang, Heyan (7405614195)","57551515900; 57203915177; 57549570000; 57212062655; 58999091200; 58653686400; 58678738400; 60398191300; 59336188800; 59335356700; 58728377500; 59336025700; 59335527100; 59335199500; 35182844100; 7405614195","Fundamental Capabilities and Applications of Large Language Models: A Survey","2025","ACM Computing Surveys","https://www.scopus.com/pages/publications/105020264634?origin=resultslist"
"Chang Y.; Su C.-Y.; Liu Y.-C.","Chang, Yu (59441659900); Su, Chu-Yun (59442995600); Liu, Yi-Chun (57216707944)","59441659900; 59442995600; 57216707944","Assessing the Performance of Chatbots on the Taiwan Psychiatry Licensing Examination Using the Rasch Model","2024","Healthcare (Switzerland)","https://www.scopus.com/pages/publications/85210433648?origin=resultslist"
"Shashikumar S.P.; Mohammadi S.; Krishnamoorthy R.; Patel A.; Wardi G.; Ahn J.C.; Singh K.; Aronoff-Spencer E.; Nemati S.","Shashikumar, Supreeth P. (57194045059); Mohammadi, Sina (59757235000); Krishnamoorthy, Rishivardhan (58662301000); Patel, Avi (59757605300); Wardi, Gabriel (55872100200); Ahn, Joseph C. (57221635443); Singh, Karandeep (56531139000); Aronoff-Spencer, Eliah (6603013003); Nemati, Shamim (23012530600)","57194045059; 59757235000; 58662301000; 59757605300; 55872100200; 57221635443; 56531139000; 6603013003; 23012530600","Development and prospective implementation of a large language model based system for early sepsis prediction","2025","npj Digital Medicine","https://www.scopus.com/pages/publications/105005400167?origin=resultslist"
"Pawar S.; Park J.; Jin J.; Arora A.; Myung J.; Yadav S.; Haznitrama F.G.; Song I.; Oh A.; Augenstein I.","Pawar, Siddhesh (59456817900); Park, Junyeong (58538904400); Jin, Jiho (57712902700); Arora, Arnav (57221147863); Myung, Junho (58313382000); Yadav, Srishti (58639342900); Haznitrama, Faiz Ghifari (58924701800); Song, Inhwa (58337072800); Oh, Alice (35190968400); Augenstein, Isabelle (55236320300)","59456817900; 58538904400; 57712902700; 57221147863; 58313382000; 58639342900; 58924701800; 58337072800; 35190968400; 55236320300","Survey of Cultural Awareness in Language Models: Text and Beyond","2025","Computational Linguistics","https://www.scopus.com/pages/publications/105015431749?origin=resultslist"
"Chang Y.; Huang S.-S.; Hsu W.-Y.; Liu Y.-C.","Chang, Yu (59441659900); Huang, Si-Sheng (14060322400); Hsu, Wen-Yu (26643983000); Liu, Yi-Chun (57216707944)","59441659900; 14060322400; 26643983000; 57216707944","Evaluating chatbots in psychiatry: Rasch-based insights into clinical knowledge and reasoning","2025","PLOS ONE","https://www.scopus.com/pages/publications/105013292703?origin=resultslist"
"Parameswaran V.; Bernard J.; Bernard A.; Deo N.; Tsung S.; Lyytinen K.; Sharp C.; Rodriguez F.; Maron D.J.; Dash R.","Parameswaran, Vijaya (57265908100); Bernard, Jenna (59954220800); Bernard, Alec (60127201400); Deo, Neil (60127352800); Tsung, Sean (59941161800); Lyytinen, Kalle (7004068826); Sharp, Christopher (56343540500); Rodriguez, Fatima (42262624800); Maron, David J. (57202780708); Dash, Rajesh (35591426500)","57265908100; 59954220800; 60127201400; 60127352800; 59941161800; 7004068826; 56343540500; 42262624800; 57202780708; 35591426500","Evaluating Large Language Models and Retrieval-Augmented Generation Enhancement for Delivering Guideline-Adherent Nutrition Information for Cardiovascular Disease Prevention: Cross-Sectional Study","2025","Journal of Medical Internet Research","https://www.scopus.com/pages/publications/105017871615?origin=resultslist"
"Boit S.; Patil R.","Boit, Sorio (57793498000); Patil, Rajvardhan (54684785100)","57793498000; 54684785100","A Prompt Engineering Framework for Large Language Model–Based Mental Health Chatbots: Conceptual Framework","2025","JMIR Mental Health","https://www.scopus.com/pages/publications/105021923946?origin=resultslist"
"Fan M.; Wang C.; Chen C.; Liu Y.; Huang J.","Fan, Mingyuan (57396099800); Wang, Chengyu (55926354300); Chen, Cen (56425231100); Liu, Yang (59329193400); Huang, Jun (57199287007)","57396099800; 55926354300; 56425231100; 59329193400; 57199287007","On the Trustworthiness Landscape of State-of-the-art Generative Models: A Survey and Outlook","2025","International Journal of Computer Vision","https://www.scopus.com/pages/publications/86000065137?origin=resultslist"
"Chen Y.; He Y.; Yang J.; Zhang D.; Yuan Z.; Khan M.A.; Baili J.; Yee P.L.","Chen, Yinda (58489404700); He, Yangfan (59256792200); Yang, Jing (58298444000); Zhang, Dapeng (58916632900); Yuan, Zhenlong (58574435200); Khan, Muhammad Attique (57222652080); Baili, Jamel (6504321628); Yee, Por Lip (15063439600)","58489404700; 59256792200; 58298444000; 58916632900; 58574435200; 57222652080; 6504321628; 15063439600","EMPOWER: Evolutionary Medical Prompt Optimization With Reinforcement Learning","2025","IEEE Journal of Biomedical and Health Informatics","https://www.scopus.com/pages/publications/105019563431?origin=resultslist"
"Nateghi Haredasht F.; Lopez I.; Tate S.; Ashtari P.; Chan M.M.; Kulkarni D.; Chen C.-Y.A.; Vangala M.; Griffith K.; Bunning B.; Miner A.S.; Hernandez-Boussard T.; Humphreys K.; Lembke A.; Vance L.A.; Chen J.H.","Nateghi Haredasht, Fateme (57194035824); Lopez, Ivan (58030877100); Tate, Steven (58609225600); Ashtari, Pooya (57194041968); Chan, Min Min (59182544800); Kulkarni, Deepali (59522062100); Chen, Chwen-Yuen Angie (58608718400); Vangala, Maithri (60209843200); Griffith, Kira (60208938700); Bunning, Bryan (56485987300); Miner, Adam S. (56996997300); Hernandez-Boussard, Tina (57119442800); Humphreys, Keith (35268983500); Lembke, Anna (6603751738); Vance, L. Alexander (59522360500); Chen, Jonathan H. (57112911000)","57194035824; 58030877100; 58609225600; 57194041968; 59182544800; 59522062100; 58608718400; 60209843200; 60208938700; 56485987300; 56996997300; 57119442800; 35268983500; 6603751738; 59522360500; 57112911000","Predicting treatment retention in medication for opioid use disorder: a machine learning approach using NLP and LLM-derived clinical features","2025","Journal of the American Medical Informatics Association","https://www.scopus.com/pages/publications/105022816094?origin=resultslist"
"Jung H.W.; Park J.Y.; Holoubek T.; Kim W.J.; Park J.","Jung, Han Wool (58094486200); Park, Jin Young (56491697100); Holoubek, Todd (60109046500); Kim, Woo Jung (58735366500); Park, Jaesub (57196187835)","58094486200; 56491697100; 60109046500; 58735366500; 57196187835","Socially Assistive Robots in Mental Healthcare: Principles and Conceptual Framework for User-Centered Design","2025","International Journal of Social Robotics","https://www.scopus.com/pages/publications/105016753118?origin=resultslist"
"Liu W.; Kan H.; Jiang Y.; Geng Y.; Nie Y.; Yang M.","Liu, Wei (59404224500); Kan, Hongxing (16233306900); Jiang, Yanfei (59404224600); Geng, Yingbao (58959191800); Nie, Yiqi (57819920700); Yang, Mingguang (59404114700)","59404224500; 16233306900; 59404224600; 58959191800; 57819920700; 59404114700","MED-ChatGPT CoPilot: a ChatGPT medical assistant for case mining and adjunctive therapy","2024","Frontiers in Medicine","https://www.scopus.com/pages/publications/85208622302?origin=resultslist"
"Huang P.; Wang C.; Lu S.; Chan Y.; Chen Z.; Lin W.; Chiu J.-P.; Chen Y.","Huang, PoYu (57211471360); Wang, ChihNung (59725862500); Lu, ShaoHung (57189294276); Chan, YaChuan (59726709200); Chen, ZhiLiang (59725862400); Lin, WenChen (36664717200); Chiu, Jung-Peng (55949419600); Chen, YungHsin (57203753687)","57211471360; 59725862500; 57189294276; 59726709200; 59725862400; 36664717200; 55949419600; 57203753687","Combination of Large Language Model and Retrieval-augmented Generation for Inference of Traditional Chinese Medicine Prescriptions and Syndrome Differentiations: A Study on Sleeping Disorders","2025","Journal of Medical and Biological Engineering","https://www.scopus.com/pages/publications/105019577843?origin=resultslist"
"Zhou S.; Wang J.; Xu Z.; Wang S.; Brauer D.; Welton L.; Cogan J.; Chung Y.-H.; Tian L.; Zhan Z.; Hou Y.; Lin M.; Melton G.B.; Zhang R.","Zhou, Shuang (57221945154); Wang, Jiashuo (57291558000); Xu, Zidu (57393186000); Wang, Song (59906178700); Brauer, David (56825350900); Welton, Lindsay (56730744900); Cogan, Jacob (57549628700); Chung, Yuen-Hei (59956051200); Tian, Lei (59956051300); Zhan, Zaifu (57216156218); Hou, Yu (58508188500); Lin, Mingquan (57194463873); Melton, Genevieve B. (7006135479); Zhang, Rui (57116759100)","57221945154; 57291558000; 57393186000; 59906178700; 56825350900; 56730744900; 57549628700; 59956051200; 59956051300; 57216156218; 58508188500; 57194463873; 7006135479; 57116759100","Uncertainty-aware large language models for explainable disease diagnosis","2025","npj Digital Medicine","https://www.scopus.com/pages/publications/105022434751?origin=resultslist"
"Schneider J.","Schneider, Johannes (57050495400)","57050495400","Explainable Generative AI (GenXAI): a survey, conceptualization, and research agenda","2024","Artificial Intelligence Review","https://www.scopus.com/pages/publications/85204171936?origin=resultslist"
"Zhou J.; Cheng Y.; He S.; Chen Y.; Chen H.","Zhou, Jinsong (59898400100); Cheng, Yuhan (60385593800); He, Sixu (59897992900); Chen, Yingcong (57200612986); Chen, Hao (57056804100)","59898400100; 60385593800; 59897992900; 57200612986; 57056804100","Large Language Models for Transforming Healthcare: A Perspective on DeepSeek-R1","2025","MedComm - Future Medicine","https://www.scopus.com/pages/publications/105005224744?origin=resultslist"
"Qin P.; Zhu Z.; Yamashita N.; Yang Y.; Suga K.; Lee Y.-C.","Qin, Peinuan (57563866800); Zhu, Zicheng (59854159200); Yamashita, Naomi (35777282800); Yang, Yitian (58903201000); Suga, Keita (59925987600); Lee, Yi-Chieh (56157149200)","57563866800; 59854159200; 35777282800; 58903201000; 59925987600; 56157149200","AI-Based Speaking Assistant: Supporting Non-Native Speakers’ Speaking in Real-Time Multilingual Communication","2025","Proceedings of the ACM on Human-Computer Interaction","https://www.scopus.com/pages/publications/105019241628?origin=resultslist"
"Duan L.; Yao Z.; Li X.; Wu Y.; Sheng D.","Duan, Liantan (60017817200); Yao, Zhong (57194627303); Li, Xiaoyu (60154600000); Wu, Yifei (59355266600); Sheng, Dongfang (57225935901)","60017817200; 57194627303; 60154600000; 59355266600; 57225935901","Comparing large language models and human doctors in symptom-driven online medical consultations: A case study on trigeminal neuralgia","2025","Digital Health","https://www.scopus.com/pages/publications/105019668747?origin=resultslist"
"Du K.; Yang B.; Xie K.; Dong N.; Zhang Z.; Wang S.; Mo F.","Du, Kaze (57871766800); Yang, Bo (57982292400); Xie, Keqiang (58993599600); Dong, Nan (58992601700); Zhang, Zhengping (57370228400); Wang, Shilong (7410333793); Mo, Fan (57268826300)","57871766800; 57982292400; 58993599600; 58992601700; 57370228400; 7410333793; 57268826300","LLM-MANUF: An integrated framework of Fine-Tuning large language models for intelligent Decision-Making in manufacturing","2025","Advanced Engineering Informatics","https://www.scopus.com/pages/publications/105000028496?origin=resultslist"
"Lo C.K.; Hew K.F.; Jong M.S.-Y.","Lo, Chung Kwan (57191225205); Hew, Khe Foon (15757639100); Jong, Morris Siu-yung (14035922300)","57191225205; 15757639100; 14035922300","The influence of ChatGPT on student engagement: A systematic review and future research agenda","2024","Computers and Education","https://www.scopus.com/pages/publications/85195382355?origin=resultslist"
"Onitiu D.; Wachter S.; Mittelstadt B.","Onitiu, Daria (57224412134); Wachter, Sandra (57193720955); Mittelstadt, Brent (57131461100)","57224412134; 57193720955; 57131461100","Walking Backward to Ensure Risk Management of Large Language Models in Medicine","2025","Journal of Law, Medicine and Ethics","https://www.scopus.com/pages/publications/105009831060?origin=resultslist"
"Gao H.; Wang K.; Yuan Y.; Wang Y.; Liu Q.; Wang Y.; Sun J.; Wang W.; Wang H.; Zhou S.; Jin K.; Zhang M.; Lai Y.","Gao, Hui (60007085500); Wang, Kaipeng (57219628706); Yuan, Yuan (59153757800); Wang, Yueguo (57219397005); Liu, Qingyuan (57222093141); Wang, Yulan (59453190700); Sun, Jian (58176958400); Wang, Wenwen (59448282000); Wang, Huanli (57762290400); Zhou, Shusheng (12802769700); Jin, Kui (35768005200); Zhang, Mengping (7601556898); Lai, Yinglei (8629531700)","60007085500; 57219628706; 59153757800; 57219397005; 57222093141; 59453190700; 58176958400; 59448282000; 57762290400; 12802769700; 35768005200; 7601556898; 8629531700","A large language model based pipeline for extracting information from patient complaint and anamnesis in clinical notes for severity assessment","2025","Scientific Reports","https://www.scopus.com/pages/publications/105011175583?origin=resultslist"
"Ozden I.; Gokyar M.; Ozden M.E.; Sazak Ovecoglu H.","Ozden, Idil (59126737700); Gokyar, Merve (59127091500); Ozden, Mustafa Enes (57417317700); Sazak Ovecoglu, Hesna (35335274400)","59126737700; 59127091500; 57417317700; 35335274400","Assessment of artificial intelligence applications in responding to dental trauma","2024","Dental Traumatology","https://www.scopus.com/pages/publications/85193059545?origin=resultslist"
"Bojic I.; Ong Q.C.; Ito S.; Liu J.; Lawate A.; Palaiyan M.; Nair E.; Lwin M.; Theng Y.L.; Chia M.; Lee C.P.; Abisheganaden J.; Car J.","Bojic, Iva (35147529400); Ong, Qi Chwen (58194968900); Ito, Sakura (58235788500); Liu, Jintana (58620508300); Lawate, Ashwini (58619218900); Palaiyan, Malar (58619733100); Nair, Elizabeth (6701469686); Lwin, May (7004310942); Theng, Yin Leng (6602765593); Chia, Michael (7004839403); Lee, Chuen Peng (55252889500); Abisheganaden, John (6701696370); Car, Josip (6701783618)","35147529400; 58194968900; 58235788500; 58620508300; 58619218900; 58619733100; 6701469686; 7004310942; 6602765593; 7004839403; 55252889500; 6701696370; 6701783618","AI-empowered health coaching for university students: A mixed-method process evaluation","2025","Computers in Biology and Medicine","https://www.scopus.com/pages/publications/105007744335?origin=resultslist"
"Alamri F.S.; Rehman A.; Alghofaily B.; Ahmed A.; Saleem K.","Alamri, Faten S. (57219754933); Rehman, Amjad (35093155800); Alghofaily, Bayan (57205766085); Ahmed, Adeel (57214310069); Saleem, Khalid (55248095500)","57219754933; 35093155800; 57205766085; 57214310069; 55248095500","Leveraging RAG With Transformer for Context-Based Personalized Recommendations","2025","IEEE Access","https://www.scopus.com/pages/publications/105006924786?origin=resultslist"
"Yang X.; Han J.; Bommasani R.; Luo J.; Qu W.; Zhou W.; Bibi A.; Wang X.; Yoon J.; Stengel-Eskin E.; Tong S.; Shen L.; Rafailov R.; Li R.; Wang Z.; Zhou Y.; Cui C.; Wang Y.; Zheng W.; Zhou H.; Gu J.; Chen Z.; Xia P.; Lee T.; Zollo T.; Sehwag V.; Leng J.; Chen J.; Wen Y.; Zhang H.; Deng Z.; Zhang L.; Izmailov P.; Koh P.W.; Tsvetkov Y.; Wilson A.; Zhang J.; Zou J.; Xie C.; Wang H.; Torr P.; McAuley J.; Alvarez-Melis D.; Tramèr F.; Xu K.; Jana S.; Callison-Burch C.; Vidal R.; Kokkinos F.; Bansal M.; Chen B.; Yao H.","Yang, Xinyu (58728228900); Han, Junlin (57222956989); Bommasani, Rishi (57216592609); Luo, Jinqi (58165554100); Qu, Wenjie (57244658700); Zhou, Wangchunshu (57216610544); Bibi, Adel (57188638438); Wang, Xiyao (57829563900); Yoon, Jaehong (57215557616); Stengel-Eskin, Elias (57200079936); Tong, Shengbang (57350142700); Shen, Lingfeng (57416481000); Rafailov, Rafael (57219787180); Li, Runjia (58507946300); Wang, Zhaoyang (59193264200); Zhou, Yiyang (58136330600); Cui, Chenhang (58313170300); Wang, Yu (59118389900); Zheng, Wenhao (58912920000); Zhou, Huichi (58899029300); Gu, Jindong (57209291895); Chen, Zhaorun (57216690652); Xia, Peng (58372591500); Lee, Tony (57222184301); Zollo, Thomas (58046411400); Sehwag, Vikash (57193416473); Leng, Jixuan (59398907000); Chen, Jiuhai (57313582400); Wen, Yuxin (60253276400); Zhang, Huan (58664390200); Deng, Zhun (59943592300); Zhang, Linjun (59984349500); Izmailov, Pavel (57205290654); Koh, Pang Wei (60219559800); Tsvetkov, Yulia (51665958500); Wilson, Andrew (57203334715); Zhang, Jiaheng (57210847855); Zou, James (26326649300); Xie, Cihang (57200616617); Wang, Hao (58783519500); Torr, Philip (56821543600); McAuley, Julian (14822353500); Alvarez-Melis, David (57190383419); Tramèr, Florian (56878876400); Xu, Kaidi (57205687721); Jana, Suman (26221197900); Callison-Burch, Chris (23392090500); Vidal, Rene (12770045600); Kokkinos, Filippos (57209577270); Bansal, Mohit (16466939600); Chen, Beidi (57203202084); Yao, Huaxiu (57196217415)","58728228900; 57222956989; 57216592609; 58165554100; 57244658700; 57216610544; 57188638438; 57829563900; 57215557616; 57200079936; 57350142700; 57416481000; 57219787180; 58507946300; 59193264200; 58136330600; 58313170300; 59118389900; 58912920000; 58899029300; 57209291895; 57216690652; 58372591500; 57222184301; 58046411400; 57193416473; 59398907000; 57313582400; 60253276400; 58664390200; 59943592300; 59984349500; 57205290654; 60219559800; 51665958500; 57203334715; 57210847855; 26326649300; 57200616617; 58783519500; 56821543600; 14822353500; 57190383419; 56878876400; 57205687721; 26221197900; 23392090500; 12770045600; 57209577270; 16466939600; 57203202084; 57196217415","Reliable and Responsible Foundation Models","2025","Transactions on Machine Learning Research","https://www.scopus.com/pages/publications/105025642630?origin=resultslist"
"Sprint G.; Schmitter-Edgecombe M.; Cook D.","Sprint, Gina (56406550900); Schmitter-Edgecombe, Maureen (7004255356); Cook, Diane (57203550685)","56406550900; 7004255356; 57203550685","Building a Human Digital Twin (HDTwin) Using Large Language Models for Cognitive Diagnosis: Algorithm Development and Validation","2024","JMIR Formative Research","https://www.scopus.com/pages/publications/85213443220?origin=resultslist"
"Liao N.; Li C.; Gradishar W.J.; Klimberg V.S.; Roshal J.A.; Yuan T.; Agarwala S.S.; Valero V.K.; Swain S.M.; Margenthaler J.A.; Rubio I.T.; Hurvitz S.A.; Geyer C.E.; Lin N.U.; Rugo H.S.; Zhang G.; Liu N.; Balch C.M.","Liao, Ning (36010682400); Li, Cheukfai (57212831595); Gradishar, William J. (7004427712); Klimberg, V. Suzanne (58763944500); Roshal, Joshua A. (57205395469); Yuan, Taize (34772232000); Agarwala, Sanjiv S. (24467688500); Valero, Vincente K. (7004692933); Swain, Sandra M. (35379638200); Margenthaler, Julie A. (6701457357); Rubio, Isabel T. (7004222068); Hurvitz, Sara A. (6602584643); Geyer, Charles E. (7005966511); Lin, Nancy U. (7202485489); Rugo, Hope S. (57200920500); Zhang, Guochun (55739011700); Liu, Nanqiu (59949738500); Balch, Charles M. (7102009953)","36010682400; 57212831595; 7004427712; 58763944500; 57205395469; 34772232000; 24467688500; 7004692933; 35379638200; 6701457357; 7004222068; 6602584643; 7005966511; 7202485489; 57200920500; 55739011700; 59949738500; 7102009953","Accuracy and Reproducibility of ChatGPT Responses to Breast Cancer Tumor Board Patients","2025","JCO Clinical Cancer Informatics","https://www.scopus.com/pages/publications/105008330667?origin=resultslist"
"Tong B.G.; Liang Z.; He X.; Yang F.; Yang L.; Gao L.","Tong, B.G. (59538746700); Liang, Zihong (59801711300); He, Xuemei (60237220900); Yang, Fan (60236789400); Yang, Li (60237359900); Gao, Lijia (60236935500)","59538746700; 59801711300; 60237220900; 60236789400; 60237359900; 60236935500","AI-driven dynamic psychological measurement: correcting university student mental health scales using daily behavioral and cognitive data","2025","Frontiers in Digital Health","https://www.scopus.com/pages/publications/105024681028?origin=resultslist"
"Ramos Dos Santos W.; Paraboni I.; Matsushima E.H.; Azevedo Da Silva C.; De Moura Meira E.S.; Rodrigues Ferreira Guimaraes J.V.; Da Silva Lins J.; De Azeredo L.E.; Cerqueira Nunes L.G.; Thiengo Silveira Moreira Rego V.","Ramos Dos Santos, Wesley (59973194200); Paraboni, Ivandre (14027249800); Matsushima, Elton Hiroshi (7006440332); Azevedo Da Silva, Camila (59973238800); De Moura Meira, EmilySamara (57201430621); Rodrigues Ferreira Guimaraes, JoaoVictor (59973238300); Da Silva Lins, Julia (59973338800); De Azeredo, LauraEnham (59967018100); Cerqueira Nunes, LuizGuilherme (59973193500); Thiengo Silveira Moreira Rego, Vittoria (59973170600)","59973194200; 14027249800; 7006440332; 59973238800; 57201430621; 59973238300; 59973338800; 59967018100; 59973193500; 59973170600","Mixture of Experts for Depression and Anxiety Disorder Prediction From Textual and Non-Textual Social Media Data","2025","IEEE Access","https://www.scopus.com/pages/publications/105009260437?origin=resultslist"
"Lu K.-H.; Mehdinia S.; Man K.; Wong C.W.; Mao A.; Eftekhari Z.","Lu, Kun-Han (57191529453); Mehdinia, Sina (57349519900); Man, Kingson (60094282100); Wong, Chi Wah (57208344450); Mao, Allen (8856958800); Eftekhari, Zahra (57219428176)","57191529453; 57349519900; 60094282100; 57208344450; 8856958800; 57219428176","Enhancing Oncology-Specific Question Answering with Large Language Models Through Fine-Tuned Embeddings with Synthetic Data","2025","JCO Clinical Cancer Informatics","https://www.scopus.com/pages/publications/105015411717?origin=resultslist"
"Chen P.; Fan Z.; Lu Y.","Chen, Penghe (57202249213); Fan, Zhilin (59244283600); Lu, Yu (55506600600)","57202249213; 59244283600; 55506600600","KnowSTU: Diagnosing Students’ Problem Behaviors Using Fine-Tuned LLM and RAG","2025","IEEE Transactions on Learning Technologies","https://www.scopus.com/pages/publications/105019964139?origin=resultslist"
"Momand Z.; Mongkolnam P.; Chan J.H.; Charoenkitkarn N.","Momand, Ziaullah (57216617403); Mongkolnam, Pornchai (7801593429); Chan, Jonathan H. (15130697000); Charoenkitkarn, Nipon (6508209351)","57216617403; 7801593429; 15130697000; 6508209351","Integrating Sensor Data with Large Language Models for Enhanced Elderly Care: A Methodological Framework","2025","Sensors and Materials","https://www.scopus.com/pages/publications/105001732940?origin=resultslist"
"Wang Z.; Wang H.; Danek B.; Li Y.; Mack C.; Arbuckle L.; Biswal D.; Poon H.; Wang Y.; Rajpurkar P.; Xiao C.; Sun J.","Wang, Zifeng (57219587144); Wang, Hanyin (57218224471); Danek, Benjamin (58582942400); Li, Ying (59790477200); Mack, Christina (55224894800); Arbuckle, Luk (54791914100); Biswal, Devyani (59525301400); Poon, Hoifung (15056546800); Wang, Yajuan (59462370900); Rajpurkar, Pranav (57056352800); Xiao, Cao (57199799682); Sun, Jimeng (9737233900)","57219587144; 57218224471; 58582942400; 59790477200; 55224894800; 54791914100; 59525301400; 15056546800; 59462370900; 57056352800; 57199799682; 9737233900","A perspective for adapting generalist AI to specialized medical AI applications and their challenges","2025","npj Digital Medicine","https://www.scopus.com/pages/publications/105010608930?origin=resultslist"
"Feng R.; Brennan K.A.; Azizi Z.; Goyal J.; Deb B.; Chang H.J.; Ganesan P.; Clopton P.; Pedron M.; Ruipérez-Campillo S.; Desai Y.B.; De Larochellière H.; Baykaner T.; Perez M.V.; Rodrigo M.; Rogers A.J.; Narayan S.M.","Feng, Ruibin (59635075600); Brennan, Kelly A. (58146138000); Azizi, Zahra (56711810200); Goyal, Jatin (58110399400); Deb, Brototo (57357854900); Chang, Hui Ju (59482746300); Ganesan, Prasanth (56966315000); Clopton, Paul (7003293288); Pedron, Maxime (58811343200); Ruipérez-Campillo, Samuel (57221782700); Desai, Yaanik B. (57192256486); De Larochellière, Hugo (57205219446); Baykaner, Tina (55208456500); Perez, Marco V. (23474526200); Rodrigo, Miguel (55637678600); Rogers, Albert J. (26647696500); Narayan, Sanjiv M. (7103261329)","59635075600; 58146138000; 56711810200; 58110399400; 57357854900; 59482746300; 56966315000; 7003293288; 58811343200; 57221782700; 57192256486; 57205219446; 55208456500; 23474526200; 55637678600; 26647696500; 7103261329","Engineering of Generative Artificial Intelligence and Natural Language Processing Models to Accurately Identify Arrhythmia Recurrence","2025","Circulation: Arrhythmia and Electrophysiology","https://www.scopus.com/pages/publications/85212756156?origin=resultslist"
"Severino J.V.B.; Berger M.N.; de Paula P.A.B.; Loures F.S.; Todeschini S.A.; Roeder E.A.; Veiga M.H.; Knopfholz J.; Marques G.L.","Severino, João Victor Bruneti (57209502305); Berger, Matheus Nespolo (59541531900); de Paula, Pedro Angelo Basei (59967819900); Loures, Filipe Silveira (59967694000); Todeschini, Solano Amadori (59657864100); Roeder, Eduardo Augusto (58631087800); Veiga, Maria Han (59968065100); Knopfholz, José (6506108700); Marques, Gustavo Lenci (55548591100)","57209502305; 59541531900; 59967819900; 59967694000; 59657864100; 58631087800; 59968065100; 6506108700; 55548591100","Performance Benchmarking of Open-Source Large Language Models on the Brazilian Society of Cardiology’s Certification Exam","2025","International Journal of Cardiovascular Sciences","https://www.scopus.com/pages/publications/105009387333?origin=resultslist"
"Gong X.; Gao J.; Sun S.; Zhong Z.; Shi Y.; Zeng H.; Yang K.","Gong, Xinrong (59735331500); Gao, Jiaran (59467312300); Sun, Song (59633052100); Zhong, Zhijie (58309617600); Shi, Yifan (57205244885); Zeng, Huanqiang (24340094500); Yang, Kaixiang (57203589539)","59735331500; 59467312300; 59633052100; 58309617600; 57205244885; 24340094500; 57203589539","Adaptive Compressed-based Privacy-preserving Large Language Model for Sensitive Healthcare","2025","IEEE Journal of Biomedical and Health Informatics","https://www.scopus.com/pages/publications/105002476313?origin=resultslist"
"Zheng S.; Feng Y.; Long J.; Li X.; Zhang M.; Chen H.; Du X.; Duan H.; Jia S.; Wu N.; Lu X.","Zheng, Sheng (60122296500); Feng, Yi (60249764300); Long, Jieran (55998529000); Li, Xiang (57221316242); Zhang, Meng (60258841100); Chen, Hui (60121845100); Du, Xue (60258841200); Duan, Huilong (7102630467); Jia, Shuqin (55634598900); Wu, Nan (57217533325); Lu, Xudong (55687460600)","60122296500; 60249764300; 55998529000; 57221316242; 60258841100; 60121845100; 60258841200; 7102630467; 55634598900; 57217533325; 55687460600","Need Analysis of Clinician-Oriented Integrated Precision Oncology Decision Support Tools: Qualitative Descriptive Study","2025","JMIR Human Factors","https://www.scopus.com/pages/publications/105026112527?origin=resultslist"
"Haider S.A.; Prabha S.; Gomez Cabello C.A.; Genovese A.; Collaco B.; Wood N.; London J.; Bagaria S.; Tao C.; Forte A.J.","Haider, Syed Ali (58958152300); Prabha, Srinivasagam (57200204600); Gomez Cabello, Cesar Abraham (58958906200); Genovese, Ariana (59506681700); Collaco, Bernardo (58316711900); Wood, Nadia (57226194508); London, James (60023647400); Bagaria, Sanjay (36083847000); Tao, Cui (57226696256); Forte, Antonio Jorge (25654784200)","58958152300; 57200204600; 58958906200; 59506681700; 58316711900; 57226194508; 60023647400; 36083847000; 57226696256; 25654784200","The Development and Evaluation of a Retrieval-Augmented Generation Large Language Model Virtual Assistant for Postoperative Instructions","2025","Bioengineering","https://www.scopus.com/pages/publications/105023429413?origin=resultslist"
"Gu B.; Desai R.J.; Lin K.J.; Yang J.","Gu, Bowen (59151332200); Desai, Rishi J. (56157710900); Lin, Kueiyu Joshua (37091095000); Yang, Jie (57196225258)","59151332200; 56157710900; 37091095000; 57196225258","Probabilistic medical predictions of large language models","2024","npj Digital Medicine","https://www.scopus.com/pages/publications/85212514342?origin=resultslist"
"Zhao S.; Zhang Y.; Xiao L.; Wu X.; Jia Y.; Guo Z.; Wu X.; Nguyen C.-D.; Zhang G.; Luu A.T.","Zhao, Shuai (57214168521); Zhang, Yulin (59292518300); Xiao, Luwei (57205603681); Wu, Xinyi (59640224700); Jia, Yanhao (59403043900); Guo, Zhongliang (58415769500); Wu, Xiaobao (57808657800); Nguyen, Cong-Duy (57809075400); Zhang, Guoming (55738989600); Luu, Anh Tuan (55490655100)","57214168521; 59292518300; 57205603681; 59640224700; 59403043900; 58415769500; 57808657800; 57809075400; 55738989600; 55490655100","Affective-ROPTester: Capability and Bias Analysis of LLMs in Predicting Retinopathy of Prematurity","2025","IEEE Transactions on Affective Computing","https://www.scopus.com/pages/publications/105021497682?origin=resultslist"
"Shah C.; Bender E.M.","Shah, Chirag (55684215000); Bender, Emily M. (8297767800)","55684215000; 8297767800","Envisioning Information Access Systems: What Makes for Good Tools and a Healthy Web?","2024","ACM Transactions on the Web","https://www.scopus.com/pages/publications/85193761345?origin=resultslist"
"Leypold T.; Lingens L.F.; Beier J.P.; Boos A.M.","Leypold, Tim (57294795800); Lingens, Lara F. (57196097597); Beier, Justus P. (8787496700); Boos, Anja M. (23569187300)","57294795800; 57196097597; 8787496700; 23569187300","Integrating AI in Lipedema Management: Assessing the Efficacy of GPT-4 as a Consultation Assistant","2024","Life","https://www.scopus.com/pages/publications/85194184373?origin=resultslist"
"Dalal S.; Tilwani D.; Gaur M.; Jain S.; Shalin V.L.; Sheth A.P.","Dalal, Sumit (57564811100); Tilwani, Deepa (58412681600); Gaur, Manas (57204944466); Jain, Sarika (57203018058); Shalin, Valerie L. (6602822099); Sheth, Amit P. (57200763252)","57564811100; 58412681600; 57204944466; 57203018058; 6602822099; 57200763252","A Cross Attention Approach to Diagnostic Explainability Using Clinical Practice Guidelines for Depression","2025","IEEE Journal of Biomedical and Health Informatics","https://www.scopus.com/pages/publications/85207401106?origin=resultslist"
"Pawar D.; Phansalkar S.","Pawar, Dipti (55389629500); Phansalkar, Shraddha (55994257400)","55389629500; 55994257400","MindWellQA: A Semantically Enriched Evidence-Based QA System for Psychological Disorders","2025","IEEE Access","https://www.scopus.com/pages/publications/105020748519?origin=resultslist"
"Gaur M.; Sheth A.","Gaur, Manas (57204944466); Sheth, Amit (57200763252)","57204944466; 57200763252","Building trustworthy NeuroSymbolic AI Systems: Consistency, reliability, explainability, and safety","2024","AI Magazine","https://www.scopus.com/pages/publications/85185447089?origin=resultslist"
"Pang Y.; Zhang M.; Liu Y.; Li X.; Wang Y.; Huan Y.; Liu Z.; Li J.; Wang D.","Pang, Yue (57221468637); Zhang, Min (57221262062); Liu, Yanli (59325088000); Li, Xiangbin (60207815700); Wang, Yidi (58630836400); Huan, Yahang (59326325900); Liu, Zhuo (55644453700); Li, Jin (58664050900); Wang, Danshi (55819507100)","57221468637; 57221262062; 59325088000; 60207815700; 58630836400; 59326325900; 55644453700; 58664050900; 55819507100","Large language model-based optical network log analysis using LLaMA2 with instruction tuning","2024","Journal of Optical Communications and Networking","https://www.scopus.com/pages/publications/85207931681?origin=resultslist"
"Dormosh N.; Boonstra M.; Abu-Hanna A.; Asselbergs F.W.; Calixto I.","Dormosh, Noman (57217260133); Boonstra, Machteld (57215543371); Abu-Hanna, Ameen (6603738860); Asselbergs, Folkert W. (57202567488); Calixto, Iacer (55754926900)","57217260133; 57215543371; 6603738860; 57202567488; 55754926900","Exploring the potential of large language models for assessing medication adherence to the ESC heart failure guidelines","2025","JAMIA Open","https://www.scopus.com/pages/publications/105021863787?origin=resultslist"
"Zota R.D.; Cîmpeanu I.A.; Lungu M.A.","Zota, Răzvan Daniel (35331571700); Cîmpeanu, Ionuț Alexandru (58099154500); Lungu, Mihai Adrian (59092664000)","35331571700; 58099154500; 59092664000","Exploring AI in Healthcare Systems: A Study of Medical Applications and a Proposal for a Smart Clinical Assistant","2025","Electronics (Switzerland)","https://www.scopus.com/pages/publications/105017430382?origin=resultslist"
"Haider S.A.; Prabha S.; Gomez-Cabello C.A.; Genovese A.; Collaco B.; Wood N.; Lifson M.A.; Bagaria S.; Tao C.; Forte A.J.","Haider, Syed Ali (58958152300); Prabha, Srinivasagam (57200204600); Gomez-Cabello, Cesar Abraham (58958906200); Genovese, Ariana (59506681700); Collaco, Bernardo (58316711900); Wood, Nadia (57226194508); Lifson, Mark A. (55612947500); Bagaria, Sanjay (36083847000); Tao, Cui (57226696256); Forte, Antonio Jorge (25654784200)","58958152300; 57200204600; 58958906200; 59506681700; 58316711900; 57226194508; 55612947500; 36083847000; 57226696256; 25654784200","Artificial Intelligence Physician Avatars for Patient Education: A Pilot Study","2025","Journal of Clinical Medicine","https://www.scopus.com/pages/publications/105024598263?origin=resultslist"
"Navarro H.J.; Sandoval C.L.; Galpin I.","Navarro, Humberto J. (57224413594); Sandoval, Camilo L. (57218161317); Galpin, Ixent (25027496900)","57224413594; 57218161317; 25027496900","Large language models in medicine: A systematic review of applications in medical, healthcare, and educational contexts","2025","Periodicals of Engineering and Natural Sciences","https://www.scopus.com/pages/publications/105017708232?origin=resultslist"
"Liu S.; Wright A.P.; McCoy A.B.; Huang S.S.; Steitz B.; Wright A.","Liu, Siru (57210804881); Wright, Aileen P. (55937837500); McCoy, Allison B. (35300118400); Huang, Sean S. (58081654600); Steitz, Bryan (57096135600); Wright, Adam (16644142900)","57210804881; 55937837500; 35300118400; 58081654600; 57096135600; 16644142900","Detecting emergencies in patient portal messages using large language models and knowledge graph-based retrieval-augmented generation","2025","Journal of the American Medical Informatics Association","https://www.scopus.com/pages/publications/105005987658?origin=resultslist"
"Qi H.; Chung-Ho S.; Chan R.Y.-Y.; Man Victor Wong C.","Qi, Haomin (60055922500); Chung-Ho, Sin (60076787000); Chan, Rosanna Yuen-Yan (55877152300); Man Victor Wong, Chun (60077057900)","60055922500; 60076787000; 55877152300; 60077057900","Transforming Applied Behavior Analysis Therapy: An Internet of Things-Guided, Retrieval-Augmented Large Language Model Framework","2025","IEEE Access","https://www.scopus.com/pages/publications/105013783915?origin=resultslist"
"Wang Z.; Yan R.; Francis S.; Diaz C.; Flickinger T.; Lin Y.; Hu X.; Barnes L.E.; LeBaron V.","Wang, Zhiyuan (59839677700); Yan, Runze (57221324464); Francis, Sherilyn (57210204996); Diaz, Carmen (59741562100); Flickinger, Tabor (55649312900); Lin, Yufen (57215057985); Hu, Xiao (59752900400); Barnes, Laura E. (7103077338); LeBaron, Virginia (22953694900)","59839677700; 57221324464; 57210204996; 59741562100; 55649312900; 57215057985; 59752900400; 7103077338; 22953694900","Stakeholder-centric participation in large language models enhanced health systems","2025","npj Health Systems","https://www.scopus.com/pages/publications/105026522923?origin=resultslist"
"Al Barajraji M.; Barrit S.; Ben-Hamouda N.; Harel E.; Torcida N.; Pizzarotti B.; Massager N.; Lechien J.R.","Al Barajraji, Mejdeddine (57226600516); Barrit, Sami (57202894569); Ben-Hamouda, Nawfel (55603855000); Harel, Ethan (57895814500); Torcida, Nathan (57798715400); Pizzarotti, Beatrice (57209225089); Massager, Nicolas (6604038479); Lechien, Jerome R. (36637838000)","57226600516; 57202894569; 55603855000; 57895814500; 57798715400; 57209225089; 6604038479; 36637838000","AI-Driven Information for Relatives of Patients with Malignant Middle Cerebral Artery Infarction: A Preliminary Validation Study Using GPT-4o","2025","Brain Sciences","https://www.scopus.com/pages/publications/105003388134?origin=resultslist"
"Ramjee P.; Sachdeva B.; Golechha S.; Kulkarni S.; Fulari G.; Murali K.; Jain M.","Ramjee, Pragnya (58659957000); Sachdeva, Bhuvan (58897649900); Golechha, Satvik (57980498900); Kulkarni, Shreyas (59480827700); Fulari, Geeta (58897945400); Murali, Kaushik (57072898100); Jain, Mohit (57199665195)","58659957000; 58897649900; 57980498900; 59480827700; 58897945400; 57072898100; 57199665195","CataractBot: An LLM-powered Expert-in-the-Loop Chatbot for Cataract Patients","2025","Proceedings of the ACM on Interactive, Mobile, Wearable and Ubiquitous Technologies","https://www.scopus.com/pages/publications/105008555287?origin=resultslist"
"Silva R.; Gomes L.","Silva, Regina (59705965400); Gomes, Luis (56595357000)","59705965400; 56595357000","An adaptive language model-based intelligent medication assistant for the decision support of antidepressant prescriptions","2025","Computers in Biology and Medicine","https://www.scopus.com/pages/publications/105000951071?origin=resultslist"
"Gargari O.K.; Fatehi F.; Mohammadi I.; Firouzabadi S.R.; Shafiee A.; Habibi G.","Gargari, Omid Kohandel (57395032400); Fatehi, Farhad (25622350500); Mohammadi, Ida (58085064700); Firouzabadi, Shahryar Rajai (57213062369); Shafiee, Arman (57449054000); Habibi, Gholamreza (16028227300)","57395032400; 25622350500; 58085064700; 57213062369; 57449054000; 16028227300","Diagnostic accuracy of large language models in psychiatry","2024","Asian Journal of Psychiatry","https://www.scopus.com/pages/publications/85200587599?origin=resultslist"
"Petroni G.; Alaimo S.; Mandarelli G.; Catanesi R.; Niolu C.; Siracusano A.; Pulvirenti A.","Petroni, Giulia (57213678203); Alaimo, Salvatore (55809550300); Mandarelli, Gabriele (24344804800); Catanesi, Roberto (55932620300); Niolu, Cinzia (15760703900); Siracusano, Alberto (7006810467); Pulvirenti, Alfredo (34977484800)","57213678203; 55809550300; 24344804800; 55932620300; 15760703900; 7006810467; 34977484800","A case study of forensic psychiatry experts' reports analysis through large language models","2025","International Journal of Law and Psychiatry","https://www.scopus.com/pages/publications/105007765675?origin=resultslist"
"Keerthana G.; Gupta M.","Keerthana, Garapati (60076329400); Gupta, Manik (57756887900)","60076329400; 57756887900","TriMedPrompt: A unified prompting framework for realistic and layout-conformant clinical progress note synthesis","2025","Journal of Biomedical Informatics","https://www.scopus.com/pages/publications/105020582851?origin=resultslist"
